{"cameraMode":{"drawMode":0,"name":"Shaded","section":"Shading Mode"},"sceneLighting":false,"audioPlay":false,"sceneViewState":{"m_AlwaysRefresh":false,"showFog":false,"showSkybox":false,"showFlares":false,"showImageEffects":false,"showParticleSystems":false,"showVisualEffectGraphs":true,"m_FxEnabled":true},"in2DMode":false,"pivot":{"x":-1.125463843345642,"y":0.9382531642913818,"z":-0.26571783423423769},"rotation":{"x":0.2025347352027893,"y":0.022621097043156625,"z":-0.004680425859987736,"w":0.9790091514587402},"size":2.305769443511963,"orthographic":false}