{"cameraMode":{"drawMode":0,"name":"Shaded","section":"Shading Mode"},"sceneLighting":true,"audioPlay":false,"sceneViewState":{"m_AlwaysRefresh":false,"showFog":true,"showSkybox":true,"showFlares":true,"showImageEffects":true,"showParticleSystems":true,"showVisualEffectGraphs":true,"m_FxEnabled":true},"in2DMode":false,"pivot":{"x":-4.931578159332275,"y":2.1548900604248049,"z":11.270027160644532},"rotation":{"x":0.1085529774427414,"y":-0.11425846070051193,"z":-0.012647205963730812,"w":-0.9874704480171204},"size":1.0792253017425538,"orthographic":false}